{
  "gears": {
    "ver_lf": [
      0.0,
      1.0,
      0.0
    ],
    "ver_lr": [
      0.0,
      1.0,
      0.0
    ],
    "ver_rf": [
      0.0,
      1.0,
      0.0
    ],
    "ver_rr": [
      0.0,
      1.0,
      0.0
    ],
    "yaw_lf": [
      0.7071067811865476,
      0.0,
      -0.7071067811865476
    ],
    "yaw_lr": [
      0.7071067811865476,
      0.0,
      0.7071067811865476
    ],
    "yaw_rf": [
      0.7071067811865476,
      0.0,
      0.7071067811865476
    ],
    "yaw_rr": [
      0.7071067811865476,
      0.0,
      -0.7071067811865476
    ]
  }
}
